No,Category,Product Name,Brand (confirm karein),Price Rs (ya range / Inquire),Photo (WhatsApp par bheji / file name),Colors (kitne rang),Notes
1,Cotton,Hitache,,,"",8 colors (confirm),
2,Cotton,Gul Ahmad Cotton (American Soft),Gul Ahmad (confirm),,,"20 colors",
3,Cotton,Sarmad Cotton (Hard),,,,,
4,Cotton,Royal Galaxy Cotton,,,,12 colors,
5,Cotton,Grace Silver Stone Cotton,Grace (confirm),,,"15 colors",
6,Cotton,Mir Cotton,,,,12 colors,
7,Cotton,Aymali Cotton,Aymali,,,"18 colors",
8,Cotton,Nowroz Cotton,,,,18 colors,
9,Cotton,Ababil Cotton,,,,8 colors,
10,Cotton,Indicot Cotton (Thailand import),,,,,20 colors,
11,Cotton,AJ Cotton,,,,8 colors,
12,Cotton,Gentics Cotton,,,,13 colors,
13,Cotton,Zain G Cotton,,,,18 colors,
14,Cotton,Grace Cotton Mix,Grace (confirm),,,"8 colors",
15,Cotton + Kapra,Astoor,,,"",20 colors,Dono categories mein hai
16,Kapra,Grace (4 sada + 3 design),Grace,,,"",4 sada + 3 design = 7 alag products ya 1? confirm
17,Kapra,Shaffer Grace (Wash-n-Wear / Summer),,,,"20 colors",
18,Kapra,GNG,,,,12 colors,
19,Kapra,Dynasty,,,,5 colors,
20,Kapra,Grace Swiss (dark shades),Grace (confirm),,,"18 colors",
21,Kapra,Narkins 3 Star,,,,18 colors,
22,Kapra,Al Misri 11 Hazar,,,,15 colors,
23,Kapra,Zamzama Grace,,,,15 colors,
24,Kapra,Asko Grace,,,,10 colors,
25,Kapra,Grace Self Design,Grace (confirm),,,"15 colors",
26,Kapra,China Tibo,,,,18 colors,
27,Kapra,Japani Bowski,,,,12 colors,
28,Kapra,Export KT (Gul Ahmad ka),Gul Ahmad (confirm),,,"15 colors",
29,Kapra,PC Kapra (Dubai import),,,,,45 colors,
30,Kapra,Faiz International Fabrics,,,,11 colors,
31,Kapra,Aymali Kapra,Aymali,,,"14 colors",
32,Kapra,Admani (Wash-n-Wear),,,,,15 colors,
33,Kapra,Dauwood Fabrics,,,,12 colors,
34,Kapra,Rahil Fabric International,,,,15 colors,
35,Winter Fabric,Winter King,,,,18 colors,
36,Winter Fabric,GNG Wool,GNG,,,"12 colors",
37,Winter Fabric,Monson (Winter Kapra),,,,,9 colors,
38,Winter Fabric,Grace Design (Winter - light),Grace (confirm),,,"10 colors",
39,Winter Fabric,Aymali Bannu Style (Wool Kapra),Aymali,,,"12 colors",
40,Dulha Design,Shaffer,,,,4 colors,
41,Dulha + Coat & Waistcoat,Silky Joy,,,,confirm,Dono categories mein hai - same product?
42,Dulha Design,Grace Dulha Suit,Grace,,,half white / bowski - colors?,
43,Coat & Waistcoat,Larkspur (England import),,,,,75 colors,
44,Shawls,Swat Salampur - 72 Wool (450g),,,,"",Colors?
45,Shawls,Swat Salampur - 96 Wool (480g),,,,"",Colors?
46,Shawls,Swat Salampur - 48 Double Wool,,,"","",Colors?
47,Shawls,Swat Salampur - 48 Wool,,,"","",Colors?
48,Shawls,Swat Salampur - Beri Wala (Sharai),,,,"",Colors?
49,Shawls,Swat Salampur - 52 Wool,,,"","",Colors?
50,Shawls,Swat Salampur - Sharai,,,"","",Colors?
51,Shawls,Bannu Shawl,,,"","",Colors?
52,Shawls,Charsadda Shawl - 70/30,,,"","",Colors?
53,Shawls,Charsadda Shawl - P.P,,,"","",Colors?
54,Shawls,Velvet (3 Gul),,,,"",Colors?
55,Shawls,Bachkana,,,"","",Colors?
